date,sunrise,sunset
20210101,747,1724
20210102,747,1725
20210103,747,1726
20210104,747,1727
20210105,747,1728
20210106,747,1729
20210107,747,1730
20210108,747,1730
20210109,747,1731
20210110,747,1732
20210111,747,1733
20210112,747,1734
20210113,746,1735
20210114,746,1736
20210115,746,1737
20210116,746,1738
20210117,745,1739
20210118,745,1740
20210119,744,1742
20210120,744,1743
20210121,743,1744
20210122,743,1745
20210123,742,1746
20210124,742,1747
20210125,741,1748
20210126,740,1749
20210127,740,1750
20210128,739,1751
20210129,738,1752
20210130,737,1754
20210131,737,1755
20210201,736,1756
20210202,735,1757
20210203,734,1758
20210204,733,1759
20210205,732,1800
20210206,731,1801
20210207,730,1802
20210208,729,1804
20210209,728,1805
20210210,727,1806
20210211,726,1807
20210212,725,1808
20210213,724,1809
20210214,723,1810
20210215,722,1811
20210216,721,1812
20210217,719,1813
20210218,718,1814
20210219,717,1815
20210220,716,1816
20210221,714,1817
20210222,713,1818
20210223,712,1820
20210224,711,1821
20210225,709,1822
20210226,708,1823
20210227,707,1824
20210228,705,1825
20210301,704,1826
20210302,702,1827
20210303,701,1828
20210304,700,1829
20210305,658,1830
20210306,657,1830
20210307,655,1831
20210308,654,1832
20210309,652,1833
20210310,651,1834
20210311,650,1835
20210312,648,1836
20210313,647,1837
20210314,645,1838
20210315,644,1839
20210316,642,1840
20210317,641,1841
20210318,639,1842
20210319,638,1843
20210320,636,1844
20210321,635,1845
20210322,633,1846
20210323,632,1846
20210324,630,1847
20210325,628,1848
20210326,627,1849
20210327,625,1850
20210328,624,1851
20210329,622,1852
20210330,621,1853
20210331,619,1854
20210401,618,1855
20210402,616,1856
20210403,615,1856
20210404,613,1857
20210405,612,1858
20210406,611,1859
20210407,609,1900
20210408,608,1901
20210409,606,1902
20210410,605,1903
20210411,603,1904
20210412,602,1905
20210413,600,1905
20210414,559,1906
20210415,558,1907
20210416,556,1908
20210417,555,1909
20210418,553,1910
20210419,552,1911
20210420,551,1912
20210421,549,1913
20210422,548,1914
20210423,547,1915
20210424,546,1916
20210425,544,1916
20210426,543,1917
20210427,542,1918
20210428,541,1919
20210429,539,1920
20210430,538,1921
20210501,537,1922
20210502,536,1923
20210503,535,1924
20210504,534,1925
20210505,533,1926
20210506,532,1926
20210507,530,1927
20210508,529,1928
20210509,528,1929
20210510,527,1930
20210511,527,1931
20210512,526,1932
20210513,525,1933
20210514,524,1934
20210515,523,1934
20210516,522,1935
20210517,521,1936
20210518,521,1937
20210519,520,1938
20210520,519,1939
20210521,518,1939
20210522,518,1940
20210523,517,1941
20210524,516,1942
20210525,516,1943
20210526,515,1943
20210527,515,1944
20210528,514,1945
20210529,514,1946
20210530,513,1946
20210531,513,1947
20210601,513,1948
20210602,512,1948
20210603,512,1949
20210604,512,1949
20210605,511,1950
20210606,511,1951
20210607,511,1951
20210608,511,1952
20210609,510,1952
20210610,510,1953
20210611,510,1953
20210612,510,1954
20210613,510,1954
20210614,510,1955
20210615,510,1955
20210616,510,1955
20210617,510,1956
20210618,510,1956
20210619,511,1956
20210620,511,1956
20210621,511,1957
20210622,511,1957
20210623,511,1957
20210624,512,1957
20210625,512,1957
20210626,512,1957
20210627,513,1957
20210628,513,1957
20210629,513,1957
20210630,514,1957
20210701,514,1957
20210702,515,1957
20210703,515,1957
20210704,516,1957
20210705,516,1957
20210706,517,1957
20210707,517,1956
20210708,518,1956
20210709,519,1956
20210710,519,1955
20210711,520,1955
20210712,521,1955
20210713,521,1954
20210714,522,1954
20210715,523,1953
20210716,523,1953
20210717,524,1952
20210718,525,1952
20210719,525,1951
20210720,526,1950
20210721,527,1950
20210722,528,1949
20210723,528,1948
20210724,529,1947
20210725,530,1947
20210726,531,1946
20210727,532,1945
20210728,532,1944
20210729,533,1943
20210730,534,1942
20210731,535,1941
20210801,536,1941
20210802,537,1940
20210803,537,1939
20210804,538,1938
20210805,539,1936
20210806,540,1935
20210807,541,1934
20210808,542,1933
20210809,543,1932
20210810,543,1931
20210811,544,1930
20210812,545,1929
20210813,546,1927
20210814,547,1926
20210815,548,1925
20210816,549,1924
20210817,549,1922
20210818,550,1921
20210819,551,1920
20210820,552,1918
20210821,553,1917
20210822,554,1916
20210823,555,1914
20210824,555,1913
20210825,556,1912
20210826,557,1910
20210827,558,1909
20210828,559,1907
20210829,600,1906
20210830,600,1904
20210831,601,1903
20210901,602,1902
20210902,603,1900
20210903,604,1859
20210904,605,1857
20210905,605,1856
20210906,606,1854
20210907,607,1853
20210908,608,1851
20210909,609,1850
20210910,610,1848
20210911,610,1846
20210912,611,1845
20210913,612,1843
20210914,613,1842
20210915,614,1840
20210916,615,1839
20210917,615,1837
20210918,616,1836
20210919,617,1834
20210920,618,1833
20210921,619,1831
20210922,620,1829
20210923,620,1828
20210924,621,1826
20210925,622,1825
20210926,623,1823
20210927,624,1822
20210928,625,1820
20210929,626,1819
20210930,626,1817
20211001,627,1816
20211002,628,1814
20211003,629,1813
20211004,630,1811
20211005,631,1810
20211006,632,1808
20211007,633,1807
20211008,634,1805
20211009,634,1804
20211010,635,1802
20211011,636,1801
20211012,637,1759
20211013,638,1758
20211014,639,1757
20211015,640,1755
20211016,641,1754
20211017,642,1752
20211018,643,1751
20211019,644,1750
20211020,645,1748
20211021,646,1747
20211022,647,1746
20211023,648,1745
20211024,649,1743
20211025,650,1742
20211026,651,1741
20211027,652,1740
20211028,653,1739
20211029,654,1737
20211030,655,1736
20211031,656,1735
20211101,657,1734
20211102,658,1733
20211103,659,1732
20211104,700,1731
20211105,701,1730
20211106,702,1729
20211107,703,1728
20211108,704,1727
20211109,705,1726
20211110,706,1725
20211111,707,1724
20211112,708,1724
20211113,709,1723
20211114,710,1722
20211115,712,1721
20211116,713,1721
20211117,714,1720
20211118,715,1719
20211119,716,1719
20211120,717,1718
20211121,718,1718
20211122,719,1717
20211123,720,1717
20211124,721,1716
20211125,722,1716
20211126,723,1715
20211127,724,1715
20211128,725,1715
20211129,726,1714
20211130,727,1714
20211201,728,1714
20211202,729,1714
20211203,730,1714
20211204,731,1714
20211205,732,1713
20211206,732,1713
20211207,733,1713
20211208,734,1714
20211209,735,1714
20211210,736,1714
20211211,737,1714
20211212,737,1714
20211213,738,1714
20211214,739,1714
20211215,739,1715
20211216,740,1715
20211217,741,1715
20211218,741,1716
20211219,742,1716
20211220,742,1717
20211221,743,1717
20211222,744,1718
20211223,744,1718
20211224,744,1719
20211225,745,1719
20211226,745,1720
20211227,746,1721
20211228,746,1721
20211229,746,1722
20211230,746,1723
20211231,747,1723
